llll;EVLG-
asasa;EWZURG-
dsfsdfs;EJZURE-
fsdfs;HWXUTTU-
fdsfsd;GUMUTE-
fdsfsd;GUMUTT-
fds;GUM-
fds;GUM-
fds;GJX-
sada;ERM-
dasd;TRXC-
dsad;BJMHSGX-
fadsfs;GJXHGEW-
sdssd;EJXIGGX-
sdffgd;HYZIVIXBI-
dfgdfgd;EXZIUGXB-
dfgdfdg;IXBJUHYBI-
fdhruu;IXZJTH-
gfgyk;KYALUE-
hfhff;GXDHXU-
rfwf;WWMXOT-
fva;WWUXT-
ewvb;WVQX-
br;CIY-
gdfd;GUAFU-
gdgdgd;GUXHRG-
gggdgd;HWZJV-
gvgfd;HYXJRS-
fhdhdrh;GYXTVEI-
hdfhrhdr;GYXHVSYX-
fhddrhdrh;GUXJFIIX-
fdhrhdrhd;EWBFFIIXJ-
hdhrhrr;GUBTVSYXJF-
fgdgrdg;EWAFFHI-
dgdrgdrg;EWAFUSUA-
dfgdrgdfg;WUMXG-
dsvsdv;WJXXBOKZ-
fdgfdsgsrg;HJAUSHJA-
